{
  "city_id": "BDG",
  "city_name": "Bandung",
  "features": [
    "temperature_2m",
    "apparent_temperature",
    "relative_humidity_2m",
    "precipitation",
    "rain",
    "cloud_cover",
    "pressure_msl",
    "wind_speed_10m",
    "weather_code",
    "hour",
    "dow"
  ],
  "horizon_hours": 1,
  "days_history": 180,
  "baseline": {
    "mae": 0.7209436133486766,
    "mse": 0.9407479861910242
  },
  "candidates": [
    {
      "model": "LinearRegression",
      "mae": 0.7269015795874264,
      "mse": 0.9024379025133028
    },
    {
      "model": "RandomForest",
      "mae": 0.43724779439969463,
      "mse": 0.3707531718450353
    }
  ],
  "best": {
    "model": "RandomForest",
    "mae": 0.43724779439969463,
    "mse": 0.3707531718450353
  }
}